epoch;loss;mean_squared_error;val_loss;val_mean_squared_error
0;0.10013102675975151;0.100131035;0.08531046099667781;0.08531045913696289
1;0.07639245306228117;0.07639245;0.06752988962553282;0.06752988696098328
2;0.05148773705249815;0.051487733;0.05461969287742728;0.054619692265987396
3;0.028967496957073176;0.028967494;0.04196858831144592;0.04196859151124954
4;0.01672350536781843;0.016723504;0.03636058808685787;0.036360591650009155
5;0.010228888045236523;0.01022889;0.031628873497130484;0.031628869473934174
6;0.006155927518043739;0.006155927;0.02984417064919263;0.029844170436263084
7;0.0033382187160606166;0.0033382194;0.028515061564786497;0.028515063226222992
8;0.002271413874891052;0.0022714136;0.027519554749529714;0.027519553899765015
9;0.0016826758926463772;0.0016826763;0.027152489933298093;0.027152491733431816
10;0.0012045471430143246;0.0012045471;0.026708525319802993;0.02670852467417717
11;0.0008877086636645004;0.00088770845;0.02636783777901685;0.02636783942580223
12;0.0006946335542948519;0.0006946336;0.026390383823901242;0.026390384882688522
13;0.0005955830655391824;0.00059558306;0.026554425801314105;0.026554429903626442
14;0.0005483556791002593;0.00054835563;0.026144077630218376;0.026144079864025116
15;0.0005479321085447939;0.0005479322;0.02620174583803626;0.026201745495200157
16;0.00067479047789612;0.00067479047;0.02611614581574522;0.0261161457747221
17;0.0007345090759344258;0.000734509;0.02641447431514822;0.026414476335048676
18;0.0008106992896399634;0.0008106993;0.026157370646883196;0.02615736983716488
19;0.0008828434887133132;0.00088284357;0.026188851000597542;0.02618885412812233
20;0.0010577957747786393;0.0010577958;0.02641406923524672;0.026414070278406143
21;0.0012127210502207522;0.0012127211;0.026439804128626596;0.026439804583787918
22;0.0014317625358028754;0.0014317625;0.026324678483938258;0.0263246800750494
23;0.0014752696332237017;0.0014752697;0.025735034172212696;0.025735031813383102
24;0.0012971871612714647;0.0012971872;0.025928404827821487;0.025928404182195663
25;0.0011792643908723822;0.001179264;0.02612741334304237;0.026127412915229797
26;0.0010875410938271145;0.0010875411;0.025482456654497762;0.025482455268502235
27;0.0009007880521396602;0.0009007883;0.025843026145792595;0.025843026116490364
28;0.0007730866328487881;0.0007730866;0.025337492696468157;0.025337491184473038
29;0.0007628585758541359;0.0007628586;0.025352445128752288;0.025352442637085915
30;0.0009161918658182498;0.00091619184;0.025352715341228745;0.025352714583277702
31;0.0009773706663355982;0.0009773705;0.025535003784663026;0.02553500607609749
32;0.000896823629294925;0.00089682353;0.025472299477615843;0.025472300127148628
33;0.0007421027927102221;0.00074210303;0.025081145627434864;0.025081144645810127
34;0.0006833148168011187;0.00068331487;0.02518085018777072;0.02518085017800331
35;0.000677317001197075;0.000677317;0.025131656217384415;0.025131653994321823
36;0.0007658169244084699;0.000765817;0.025468141680527683;0.025468140840530396
37;0.0007648414316050919;0.0007648415;0.025197183102853772;0.025197181850671768
38;0.0008587770715383222;0.00085877697;0.024980379817455493;0.02498037740588188
39;0.0008572163873749644;0.00085721636;0.025285778299567897;0.025285780429840088
40;0.0008836491425352207;0.00088364916;0.025269527724730637;0.0252695269882679
41;0.0010509196754083952;0.0010509198;0.025030143569723187;0.025030143558979034
42;0.0010971014308118064;0.0010971015;0.025579449618611277;0.02557944878935814
43;0.0011121440839630908;0.001112144;0.02463363862328337;0.02463364228606224
44;0.0010758456639448834;0.0010758456;0.02465926793095762;0.02465926855802536
45;0.0009352009165709751;0.00093520107;0.024800116432646086;0.024800114333629608
46;0.0007961994182566542;0.00079619954;0.02454382958946487;0.024543827399611473
47;0.0007866658320417017;0.00078666594;0.024116022847338877;0.024116024374961853
48;0.0006629647487761306;0.000662965;0.024093038872798577;0.024093039333820343
49;0.000591182135661852;0.00059118203;0.02457142423781726;0.02457142248749733
50;0.0005142886078853978;0.00051428867;0.024062729443071335;0.024062728509306908
51;0.00047215726345608536;0.00047215723;0.024242178165301578;0.024242177605628967
52;0.0004911458217698835;0.0004911458;0.02420167845303186;0.024201679974794388
53;0.0004801955993429381;0.0004801956;0.023997353311719916;0.02399735525250435
54;0.000526404918317244;0.00052640506;0.024030048356210303;0.02403004840016365
55;0.000589751471907211;0.00058975146;0.02398983415218161;0.023989832028746605
56;0.0006085990007962362;0.00060859905;0.0242771568264193;0.024277158081531525
57;0.0006443094470092316;0.00064430945;0.024268592941742263;0.02426859177649021
58;0.0006805637117092389;0.0006805638;0.024284809135295172;0.024284811690449715
59;0.0008531120318177586;0.000853112;0.024176621685555674;0.024176623672246933
60;0.0011232108276730034;0.0011232108;0.02446245575078539;0.02446245588362217
61;0.001226850093843432;0.0012268499;0.024075480378230454;0.024075482040643692
62;0.0011955159950725964;0.0011955163;0.023773063138307047;0.023773064836859703
63;0.0011578957979016956;0.0011578957;0.024822266326995503;0.024822264909744263
64;0.0012505368612717406;0.0012505369;0.02365481757471464;0.023654814809560776
65;0.0011830790977222785;0.001183079;0.023683469694676235;0.023683471605181694
66;0.0010123942393490163;0.0010123942;0.02333147479216341;0.023331474512815475
67;0.0009163029825031136;0.00091630314;0.023314597558837694;0.023314595222473145
68;0.0008227964465159143;0.00082279637;0.02388126519423195;0.02388126589357853
69;0.0006881898978293356;0.00068819;0.02334023379746631;0.02334023453295231
70;0.0005827134527428653;0.00058271346;0.02347992827278754;0.023479929193854332
71;0.0005036162141952019;0.00050361623;0.023079289246485318;0.023079289123415947
72;0.0004321227506277804;0.00043212276;0.023261630324540365;0.02326163277029991
73;0.00036765849080113046;0.00036765847;0.02293209652365129;0.02293209731578827
74;0.00034896168341605244;0.00034896168;0.023058895316652808;0.023058896884322166
75;0.00032382703161718814;0.00032382706;0.02335420254408907;0.02335420250892639
76;0.0003401098881728994;0.00034010987;0.023170458736981342;0.023170456290245056
77;0.00037901537212302425;0.00037901537;0.023256172363045145;0.023256171494722366
78;0.00046053417614262156;0.00046053418;0.023284460243578036;0.023284457623958588
79;0.000545322758352089;0.0005453227;0.02311435719345431;0.023114359006285667
80;0.0006483020964183605;0.000648302;0.02307381803842821;0.023073816671967506
81;0.0008038035904652648;0.0008038036;0.023534430709570318;0.023534433916211128
82;0.0009757516783328584;0.00097575184;0.023509686348806454;0.023509684950113297
83;0.0011152735665048885;0.0011152735;0.023179816452304793;0.023179814219474792
84;0.0012184461596674385;0.0012184462;0.02363759762933258;0.023637594655156136
85;0.001235857005268931;0.0012358571;0.023387210464127475;0.023387212306261063
86;0.0011292835777502372;0.0011292837;0.022780419182272624;0.022780420258641243
87;0.0011032228153279539;0.001103223;0.022865399438936673;0.022865399718284607
88;0.0010070953020991052;0.0010070953;0.022478504315424978;0.022478502243757248
89;0.0009026918795905269;0.00090269174;0.022650503748309944;0.022650504484772682
90;0.0008300769370020913;0.000830077;0.022874320105624624;0.022874321788549423
91;0.0006925193994895979;0.00069251953;0.022785819512628327;0.022785818204283714
92;0.0005785392077477804;0.0005785393;0.02219562517116691;0.02219562791287899
93;0.0004774167177506186;0.0004774168;0.022254274998838888;0.022254273295402527
94;0.00042771375134336266;0.0004277137;0.021944152838860625;0.02194415032863617
95;0.00037974869376929956;0.0003797487;0.02237952882487485;0.02237953059375286
96;0.00037058790897284883;0.00037058783;0.022212742305764616;0.022212741896510124
97;0.000359889586989909;0.00035988956;0.022433352948219663;0.02243335172533989
98;0.0003688873842769553;0.0003688874;0.0221801692679501;0.022180167958140373
99;0.0003838619060784346;0.00038386195;0.02237636787112652;0.022376365959644318
100;0.0004089169259207283;0.00040891688;0.02217319656864754;0.022173196077346802
101;0.00045235153210974985;0.00045235147;0.021902023518177684;0.021902022883296013
102;0.0005801688947123448;0.0005801689;0.02239598623341644;0.022395985201001167
103;0.0006498639189733918;0.00064986397;0.02210987562056793;0.022109875455498695
104;0.0007512216512946481;0.0007512217;0.02224014128065572;0.02224014326930046
105;0.0007899080903240537;0.0007899081;0.0220158079684984;0.022015806287527084
106;0.0008960910526426108;0.00089609093;0.02218663759576474;0.0221866387873888
107;0.0009794255477944256;0.0009794255;0.0218285557085782;0.021828554570674896
108;0.0011133003626341087;0.0011133003;0.022147217734683134;0.022147219628095627
109;0.0011249541924442505;0.001124954;0.022682522172054572;0.022682521492242813
110;0.0009422658705291757;0.00094226585;0.022336915681381842;0.022336916998028755
111;0.0008228822684772098;0.0008228822;0.022347623442300152;0.022347623482346535
112;0.0007243618714563572;0.0007243618;0.0213891339503467;0.021389134228229523
113;0.0006654046783072353;0.0006654046;0.021842198842949873;0.021842200309038162
114;0.00062309026788465;0.0006230903;0.021891431005375668;0.021891431882977486
115;0.000601420337088869;0.0006014203;0.021566938505838632;0.021566936746239662
116;0.0005350486134044879;0.0005350486;0.02131788632195144;0.02131788618862629
117;0.0006133233230669925;0.00061332335;0.021559785481095002;0.021559786051511765
118;0.0006364949533677263;0.000636495;0.021765041373588055;0.02176504023373127
119;0.0006062339999694446;0.00060623395;0.021333131394151248;0.021333131939172745
120;0.0006120021870684789;0.0006120021;0.021500228358189443;0.021500227972865105
121;0.0006688702685487914;0.00066887017;0.02119117114042417;0.021191168576478958
122;0.0008132811711430081;0.000813281;0.021222751518769074;0.021222751587629318
123;0.0011545675406237359;0.0011545676;0.022336790469041905;0.022336790338158607
124;0.0011696780946139416;0.0011696782;0.021369961156804305;0.02136996202170849
125;0.0010172332379152372;0.001017233;0.021274769757827914;0.02127477154135704
126;0.0009022862133086528;0.0009022864;0.02150514342455368;0.021505143493413925
127;0.0007581931404150655;0.000758193;0.021438576041280785;0.02143857441842556
128;0.0006667769617619854;0.00066677673;0.021236843530598522;0.0212368443608284
129;0.0005442139038920606;0.00054421386;0.021014630465363417;0.021014630794525146
130;0.0004491485259056142;0.00044914853;0.02115190249545901;0.02115190215408802
131;0.00044184214534168635;0.00044184213;0.021339646355489756;0.021339647471904755
132;0.00044295156240454955;0.00044295157;0.02090205438630426;0.020902054384350777
133;0.00042908205491415944;0.00042908202;0.020945965732419965;0.020945968106389046
134;0.0004040181447444635;0.00040401818;0.020816053922166514;0.020816054195165634
135;0.00036263727588424244;0.00036263728;0.020628429064356225;0.02062842808663845
136;0.00034072852981514645;0.0003407285;0.020690782276467153;0.020690781995654106
137;0.000321622686132185;0.00032162273;0.02064936751315168;0.020649367943406105
138;0.00031665801098406624;0.00031665803;0.02082265577048032;0.02082265354692936
139;0.00031724504608773017;0.00031724508;0.020623094397858293;0.020623095333576202
140;0.000324588190581294;0.00032458824;0.02065652612583076;0.0206565260887146
141;0.0003672915015869745;0.00036729145;0.020513772771082815;0.02051377110183239
142;0.0004059949718971503;0.00040599503;0.020720782700005977;0.02072078175842762
143;0.00043580964038306754;0.00043580966;0.020767187748512612;0.02076718769967556
144;0.0005797851741227004;0.0005797852;0.020797289229585635;0.02079729177057743
145;0.0007026266501925877;0.00070262677;0.021284103650437577;0.02128410153090954
146;0.0007933601540758499;0.0007933603;0.02077556038143501;0.02077556401491165
147;0.0009657305959984758;0.00096573046;0.021511233248125212;0.02151123434305191
148;0.0011002724535087358;0.0011002728;0.020579656339423876;0.020579654723405838
149;0.001124032767461227;0.0011240325;0.02131096816826348;0.021310970187187195
150;0.001141791222864878;0.0011417912;0.020785176550737992;0.020785177126526833
151;0.001028895864102503;0.0010288961;0.020767248410479555;0.020767247304320335
152;0.0008633319342151914;0.000863332;0.021338254986423656;0.02133825607597828
153;0.0008460819349694053;0.0008460818;0.020620306323789837;0.020620306953787804
154;0.0007999423744428491;0.00079994247;0.020384041936291595;0.020384041592478752
155;0.0008094461224096576;0.00080944604;0.019905745117731223;0.01990574598312378
156;0.0008447473243857608;0.00084474724;0.020556989527347986;0.020556988194584846
157;0.0007299200288475724;0.0007299201;0.02059179784141102;0.020591797307133675
158;0.0006066696631588338;0.0006066697;0.01980614634479802;0.0198061466217041
159;0.0004893330941615283;0.0004893331;0.019698287514695243;0.019698286429047585
160;0.0003712964854955255;0.0003712965;0.019782095031610603;0.01978209614753723
161;0.000320910392209446;0.00032091033;0.01977712654093047;0.019777126610279083
162;0.00027682281031315303;0.00027682283;0.019737943229434;0.01973794214427471
163;0.00023666557479675666;0.00023666558;0.019729684182703027;0.01972968503832817
164;0.0002179392488707149;0.00021793923;0.019636852788339907;0.01963685266673565
165;0.0002043391230622234;0.00020433914;0.019547522279488114;0.01954752206802368
166;0.000185412721327549;0.00018541269;0.019658664648245783;0.019658666104078293
167;0.00018340798015233743;0.00018340799;0.019716812030074794;0.019716812297701836
168;0.0001995522966375208;0.00019955225;0.019703922393293705;0.019703922793269157
169;0.00021247642425056907;0.00021247643;0.019600522097866294;0.0196005217730999
170;0.00022652471097045558;0.00022652467;0.02006437049960834;0.020064368844032288
171;0.0002750754860016372;0.00027507546;0.01983679519887129;0.019836796447634697
172;0.00036001218448727094;0.0003600122;0.02005745925245622;0.02005746029317379
173;0.0004144796269128268;0.00041447958;0.019684607278327073;0.019684607163071632
174;0.0005224618229487111;0.00052246184;0.020548791370652988;0.02054879069328308
175;0.0006915298531531036;0.0006915299;0.01959916526636311;0.01959916576743126
176;0.0008168704307178552;0.0008168704;0.020171714232629923;0.020171714946627617
177;0.0009180665790913095;0.0009180665;0.020358648103298977;0.020358648151159286
178;0.0010798423402436277;0.0010798422;0.019502353805151983;0.01950235478579998
179;0.0011655701480683292;0.0011655699;0.020007011738977447;0.02000701054930687
180;0.0011808860017300262;0.001180886;0.019988007369775015;0.019988005980849266
181;0.0010580235755112068;0.0010580234;0.01956644576769586;0.01956644468009472
182;0.0009370135713816001;0.0009370135;0.019928544143915147;0.019928544759750366
183;0.0008133449790096785;0.0008133451;0.01917003983349452;0.019170040264725685
184;0.0006941092496285607;0.0006941093;0.01881194960640467;0.018811948597431183
185;0.0005272412609150725;0.0005272414;0.019008103379121174;0.019008103758096695
186;0.00041875081560728306;0.00041875086;0.018625925042078984;0.018625924363732338
187;0.0003486636048842145;0.0003486636;0.018949278327526537;0.018949277698993683
188;0.000322524770421836;0.0003225248;0.01883385436366179;0.018833855167031288
189;0.0002632600212547592;0.00026326004;0.018796879639941855;0.018796879798173904
190;0.00020286628013489182;0.00020286627;0.018431050644325035;0.018431050702929497
191;0.00016976605941955143;0.00016976603;0.01829244131510506;0.018292440101504326
192;0.00018723122600046503;0.00018723124;0.018844775981052452;0.01884477585554123
193;0.00018810882997016828;0.00018810882;0.018618791599527947;0.018618790432810783
194;0.00019004702113930666;0.00019004704;0.018993309985672422;0.018993308767676353
195;0.00022398721570092658;0.00022398724;0.018695945270832258;0.018695944920182228
196;0.0002895646246950331;0.0002895646;0.018824453145757855;0.01882445253431797
197;0.0003595394693898876;0.00035953947;0.01878915972886563;0.01878916099667549
198;0.00034113416462001455;0.00034113423;0.018582206877758193;0.01858220435678959
199;0.00031874726531811267;0.00031874728;0.019072098127118443;0.019072098657488823
200;0.0003133149551637676;0.00031331496;0.01883883191410337;0.018838834017515182
201;0.0003416114873482343;0.00034161154;0.018869277006811225;0.018869277089834213
202;0.00041649551514507326;0.00041649552;0.018670390531475404;0.018670393154025078
203;0.0004832905091591449;0.00048329058;0.018720080829398852;0.018720081076025963
204;0.0005565165301482572;0.0005565166;0.018938518956588806;0.018938519060611725
205;0.0007408579896491335;0.0007408579;0.019842453232092667;0.01984245516359806
206;0.0011277880645872303;0.001127788;0.01946962533658346;0.019469626247882843
207;0.0010759226632180933;0.0010759226;0.019149595389057656;0.019149594008922577
208;0.0009944864057197847;0.0009944863;0.01883957697167469;0.018839577212929726
209;0.0008810208935481528;0.0008810208;0.019122131005238192;0.019122131168842316
210;0.0007528518658367244;0.00075285183;0.018723089912614243;0.01872309111058712
211;0.0006022884574830855;0.0006022884;0.018546592210251966;0.01854659430682659
212;0.0004918450408387591;0.000491845;0.01798535335719132;0.017985351383686066
213;0.00036948945288259224;0.00036948943;0.01809838952767205;0.018098389729857445
214;0.0002857812020362867;0.00028578125;0.017986630033418403;0.017986629158258438
215;0.00022851927572503338;0.00022851935;0.01804812279235382;0.01804812252521515
216;0.00020720197277662004;0.00020720199;0.017894380227782274;0.017894381657242775
217;0.00019677316477820404;0.00019677315;0.017925292253982632;0.017925290390849113
218;0.0001613679699398046;0.00016136798;0.017941739848718694;0.017941739410161972
219;0.00015394824614115186;0.00015394823;0.01812276707431785;0.01812276802957058
220;0.00016680314953037987;0.00016680313;0.01794983818541038;0.01794983632862568
221;0.0001844069054309356;0.00018440688;0.01841627866348157;0.018416278064250946
222;0.000215991194425644;0.00021599118;0.017833907100043345;0.017833907157182693
223;0.00022006822816299164;0.00022006824;0.018034431281952285;0.018034430220723152
224;0.00022441664873237767;0.00022441665;0.01812733712351691;0.018127338960766792
225;0.00023777312048484767;0.00023777313;0.017767885316008977;0.01776788756251335
226;0.0002585009303913116;0.00025850092;0.01801482417220743;0.018014822155237198
227;0.00025121391353521673;0.00025121393;0.017775345759248478;0.017775345593690872
228;0.0002535667632380842;0.00025356677;0.01780413329995891;0.017804134637117386
229;0.0002943186411598925;0.00029431863;0.018008289052887493;0.018008287996053696
230;0.00032945047733977075;0.00032945053;0.017574395854504682;0.01757439412176609
231;0.0003135663995765419;0.00031356636;0.01820970006437516;0.018209699541330338
232;0.00029014297492266643;0.00029014298;0.017723219845234943;0.017723219469189644
233;0.0002850008625795993;0.00028500086;0.017907830600846046;0.01790783181786537
234;0.00030258267986929793;0.00030258272;0.018092173764088514;0.018092172220349312
235;0.00039317876181396006;0.00039317875;0.017980602166484054;0.017980601638555527
236;0.00037821688262028324;0.00037821688;0.017913130313201013;0.017913127318024635
237;0.0003847015180421615;0.00038470147;0.017943512086229577;0.01794351264834404
238;0.0004342004221714603;0.00043420045;0.01800577191652571;0.018005773425102234
239;0.00046053726780269827;0.00046053718;0.017772171921309185;0.017772169783711433
240;0.0004381863798514667;0.00043818634;0.017767237309380138;0.01776723749935627
241;0.00042502933155145063;0.00042502928;0.018302984423857274;0.018302982673048973
242;0.00042514773966916935;0.0004251477;0.017910701865901733;0.017910702154040337
243;0.0003758773305979579;0.0003758772;0.017643317248131132;0.017643319442868233
244;0.0003333566962245253;0.00033335667;0.01790937287347146;0.017909374088048935
245;0.00031975968761636237;0.0003197597;0.01744469435857223;0.01744469441473484
246;0.00031206753024740823;0.00031206757;0.017841457183691112;0.017841456457972527
247;0.0002850114648516925;0.00028501143;0.01743900888820687;0.017439009621739388
248;0.000270066198023714;0.0002700662;0.01782887959515839;0.01782888174057007
249;0.00023064074606117492;0.00023064076;0.017430644959512187;0.01743064448237419
250;0.00022987083665729663;0.00022987081;0.01752290226163574;0.01752290315926075
251;0.0002253579469920831;0.00022535796;0.017086738317630554;0.017086738720536232
252;0.00019260259762898503;0.00019260257;0.01767631382918289;0.01767631247639656
253;0.00016160982940968674;0.00016160983;0.017409604550185444;0.017409605905413628
254;0.00013847898888660158;0.00013847898;0.017269043435011008;0.017269043251872063
255;0.0001294136745435519;0.00012941366;0.017163824403827486;0.017163826152682304
256;0.00012973025054365027;0.00012973027;0.017401798468573468;0.0174017995595932
257;0.0001251861548761695;0.00012518614;0.017586037974197107;0.017586037516593933
258;0.00012151468509181115;0.000121514684;0.017730694187010967;0.017730694264173508
259;0.0001426183716935488;0.00014261839;0.017483123025784145;0.017483120784163475
260;0.00017286391478148105;0.00017286392;0.017508007826280644;0.01750800758600235
261;0.0002789478929123417;0.0002789479;0.01771182880219703;0.017711829394102097
262;0.00043458155738863765;0.00043458154;0.018143447534550872;0.01814344897866249
263;0.0005889993894312435;0.0005889994;0.0183583735192891;0.018358374014496803
264;0.0008779428384057282;0.00087794283;0.019657478031937247;0.019657477736473083
265;0.0014683232194874446;0.001468323;0.019316501633665075;0.019316500052809715
266;0.0019897610764934887;0.0019897614;0.019876185210258565;0.019876187667250633
267;0.0019994116590690897;0.001999412;0.019159742595855483;0.019159741699695587
268;0.0014273098126756088;0.0014273098;0.01765238892679666;0.017652388662099838
269;0.0008508706892290903;0.00085087074;0.017214988018412928;0.01721498928964138
270;0.0004560130219739302;0.00045601305;0.016649143942731898;0.016649143770337105
271;0.00023773563826138248;0.00023773566;0.0163634048059864;0.01636340469121933
272;0.00013413618447132215;0.0001341362;0.016333458741504638;0.016333458945155144
273;7.561894731322809e-05;7.561895e-05;0.016344987218354656;0.016344986855983734
274;4.685026200276501e-05;4.6850266e-05;0.01635985609239693;0.016359856352210045
275;3.244422704424779e-05;3.244423e-05;0.016339213403716378;0.016339212656021118
276;2.7051083490878645e-05;2.7051085e-05;0.016383472518476754;0.016383474692702293
277;2.3416904368558147e-05;2.3416906e-05;0.016435327264761105;0.016435328871011734
278;1.9173044698379053e-05;1.9173045e-05;0.01622930090868573;0.01622929982841015
279;1.8978891255028238e-05;1.897889e-05;0.016293254893372744;0.016293253749608994
280;2.997390733191555e-05;2.9973908e-05;0.01616812809690341;0.016168126836419106
281;2.2272078678641953e-05;2.227208e-05;0.016331669182956657;0.016331667080521584
282;2.4469045661576326e-05;2.446905e-05;0.016334640153736955;0.016334637999534607
283;2.7037881128433504e-05;2.7037884e-05;0.01631605226202713;0.01631605252623558
284;3.321918486959975e-05;3.3219185e-05;0.016279822144624163;0.01627982221543789
285;4.409892200275913e-05;4.409892e-05;0.01633142387591142;0.016331424936652184
286;5.989075856914892e-05;5.9890768e-05;0.01634269925425299;0.01634269952774048
287;8.666582681755958e-05;8.666581e-05;0.01636121799904652;0.016361217945814133
288;0.00011296089179407904;0.0001129609;0.016607415906823176;0.016607416793704033
289;0.00013983017098451376;0.00013983018;0.016501278505627874;0.016501277685165405
290;0.00014141841936738322;0.00014141844;0.01649352949352932;0.016493530943989754
291;0.0001412490015978523;0.00014124901;0.016624908837161112;0.01662490703165531
292;0.0001282235242180806;0.0001282235;0.016320501553313733;0.016320500522851944
293;0.0001407434580893772;0.00014074345;0.016355325057164936;0.016355326399207115
294;0.0001669010760296306;0.00016690105;0.016591219197300385;0.01659122109413147
295;0.00015907104037798294;0.00015907103;0.016576820354973168;0.016576819121837616
296;0.0001479558524571034;0.00014795584;0.01675121662732923;0.01675121672451496
297;0.00014093822250236705;0.00014093821;0.01662642534775342;0.016626425087451935
298;0.00013717618528329858;0.00013717616;0.016498272532355928;0.016498273238539696
299;0.00012293703496413659;0.00012293704;0.016621563415612984;0.016621561720967293
300;0.00013414986493896427;0.00013414986;0.016274485215994002;0.01627448759973049
301;0.0001362112194056001;0.00013621122;0.016509711250123644;0.016509709879755974
302;0.00012426524567727304;0.00012426524;0.016430717460736904;0.016430716961622238
303;0.0001240156579461861;0.00012401566;0.016406590399328926;0.01640659011900425
304;0.00013550776467634404;0.00013550777;0.016347584068505595;0.016347583383321762
305;0.0001457628011927226;0.00014576277;0.016734894607792396;0.01673489436507225
306;0.0001681782863280254;0.00016817826;0.016448744804186694;0.016448743641376495
307;0.00017060105181788743;0.00017060105;0.016801916472574743;0.016801917925477028
308;0.000183940629277517;0.00018394063;0.016492226987874;0.016492227092385292
309;0.00020227194973719358;0.00020227194;0.016872362619022706;0.016872361302375793
310;0.00022529206336757942;0.00022529204;0.016578086460420426;0.016578087583184242
311;0.0002316273291866692;0.00023162736;0.01656270920634504;0.01656270958483219
312;0.00022920430361661486;0.00022920434;0.016651377120940673;0.016651377081871033
313;0.0002444461559209319;0.0002444462;0.016525437660304333;0.01652543805539608
314;0.0002733905145560387;0.00027339053;0.015900178109190668;0.015900177881121635
315;0.0003330473481385915;0.00033304733;0.016866307010689547;0.016866307705640793
316;0.0003970609200874409;0.0003970609;0.017469854149273947;0.017469855025410652
317;0.00038784400869893934;0.00038784405;0.01674757514238811;0.016747573390603065
318;0.000349510114806776;0.00034951005;0.016719975810074093;0.01671997457742691
319;0.00031757541679220216;0.00031757535;0.016202569573894963;0.016202569007873535
320;0.00026625884157741237;0.0002662589;0.016164468412834997;0.016164470463991165
321;0.00021151183431896792;0.00021151188;0.016456668574302436;0.016456669196486473
322;0.0001853796596813817;0.00018537967;0.016151799852107605;0.016151800751686096
323;0.00016046232143818685;0.00016046232;0.016291213503149427;0.016291214153170586
324;0.00011336476931973679;0.00011336477;0.016210646194703273;0.0162106454372406
325;8.380236709214184e-05;8.380236e-05;0.0160485049919677;0.016048505902290344
326;6.307519231153436e-05;6.307519e-05;0.016085854326640992;0.016085855662822723
327;4.7768349393956645e-05;4.7768357e-05;0.01606094609656897;0.016060946509242058
328;3.8460369271763864e-05;3.8460366e-05;0.01606830433704541;0.01606830582022667
329;3.4404905899596316e-05;3.4404908e-05;0.016133732260578456;0.016133733093738556
330;4.12898621438623e-05;4.1289863e-05;0.01636077787709536;0.016360778361558914
331;6.55141004748429e-05;6.5514105e-05;0.01606872617977651;0.016068724915385246
332;8.575931255710905e-05;8.575931e-05;0.016173803349092453;0.01617380417883396
333;9.471483162381941e-05;9.4714844e-05;0.016357990300676462;0.016357989981770515
334;0.00011116263768696126;0.00011116263;0.01649959078747203;0.016499590128660202
335;0.00011613599597510608;0.000116135976;0.016537928923976222;0.016537928953766823
336;0.00013963764280867195;0.00013963762;0.01650921207294454;0.01650921255350113
337;0.0001428910653745657;0.00014289106;0.01670696234450674;0.016706962138414383
338;0.00015441481274530423;0.00015441483;0.01659928863759699;0.01659928821027279
339;0.00016605072161621074;0.00016605073;0.016082451660742795;0.01608245261013508
340;0.00018676697300966437;0.00018676698;0.016292562659421576;0.016292564570903778
341;0.00015959040355877427;0.00015959037;0.01632000350817749;0.01632000133395195
342;0.0001642330601302527;0.00016423305;0.016417035541932308;0.016417035833001137
343;0.0001506912451204231;0.00015069125;0.016363966496056703;0.01636396534740925
344;0.00015626002365467346;0.00015626001;0.016571326746337222;0.016571326181292534
345;0.00016737361046044604;0.0001673736;0.016563401164855236;0.016563400626182556
346;0.00018614600835293316;0.00018614603;0.016301716698356086;0.0163017176091671
347;0.00015550329878580876;0.00015550331;0.016248409500551682;0.01624840870499611
348;0.0001432810844329743;0.00014328108;0.016363988299846775;0.01636398769915104
349;0.0001448619758345086;0.00014486197;0.016416607397268065;0.016416609287261963
350;0.00013648479002455614;0.00013648478;0.016298729756394792;0.016298729926347733
351;0.00012263071862895258;0.00012263072;0.016349090653943903;0.01634909026324749
352;0.0001070331001930685;0.000107033105;0.016076727729245795;0.01607672870159149
353;9.59106901574242e-05;9.59107e-05;0.016215314798049267;0.016215313225984573
354;8.815876115340894e-05;8.815876e-05;0.01648903782975161;0.01648903824388981
355;9.426982165228792e-05;9.426984e-05;0.01615618694403688;0.016156187281012535
356;9.421901888262033e-05;9.4218994e-05;0.015921881696376334;0.015921881422400475
357;9.543331921024674e-05;9.543334e-05;0.016209159501084466;0.016209159046411514
358;8.59873253950963e-05;8.598735e-05;0.016015694836593136;0.01601569540798664
359;8.509001956294683e-05;8.5090025e-05;0.016181267734458764;0.01618126779794693
360;9.972645920556279e-05;9.972648e-05;0.016033449846084947;0.01603344827890396
361;0.00012103140388464522;0.000121031415;0.016118509498120572;0.01611850969493389
362;0.00022202513603296757;0.00022202513;0.01737869347435411;0.01737869530916214
363;0.00029043266330244956;0.00029043265;0.01608270291028047;0.016082702204585075
364;0.0003237796415616116;0.0003237797;0.016350397795212163;0.01635039784014225
365;0.0005273658395484803;0.0005273658;0.017559966194044405;0.017559966072440147
366;0.0010349076380684588;0.0010349075;0.019382204548868447;0.019382204860448837
367;0.002351316850482011;0.0023513166;0.019464447097115388;0.01946444809436798
368;0.002050599339271602;0.0020505995;0.01787017583925185;0.01787017472088337
369;0.0010690473838524692;0.0010690471;0.01722927764986017;0.01722927764058113
370;0.0005424216124837154;0.00054242165;0.016584482745281615;0.016584482043981552
371;0.0002465200604186342;0.00024652007;0.016384153878858373;0.016384152695536613
372;0.00010865355697776692;0.00010865358;0.016467742983781203;0.0164677444845438
373;4.921934963612977e-05;4.9219365e-05;0.01620884700793056;0.016208846122026443
374;2.5581643163026863e-05;2.5581645e-05;0.016308721591043077;0.016308721154928207
375;1.5239413286573691e-05;1.5239414e-05;0.016292208572727538;0.016292208805680275
376;1.0845361158886216e-05;1.08453605e-05;0.016270868368368687;0.016270868480205536
377;7.974486738566017e-06;7.974488e-06;0.016267060400848778;0.016267061233520508
378;6.86267588374003e-06;6.862677e-06;0.01622893873066898;0.016228938475251198
379;6.335515655901277e-06;6.335514e-06;0.01626126293149617;0.016261262819170952
380;5.710080949080392e-06;5.7100815e-06;0.016303970847194833;0.01630397140979767
381;5.997839138828804e-06;5.99784e-06;0.016302333730084925;0.016302334144711494
382;5.176485579079213e-06;5.176485e-06;0.016255481057767633;0.016255483031272888
383;4.689467786377405e-06;4.689467e-06;0.01628558760421965;0.01628558710217476
384;5.060066999143702e-06;5.060067e-06;0.016248126663209007;0.016248125582933426
385;5.029963228862499e-06;5.0299627e-06;0.016306406928702024;0.016306405887007713
386;5.917986044964564e-06;5.917985e-06;0.016261033341190893;0.016261033713817596
387;6.278638296004972e-06;6.2786394e-06;0.016319259395114746;0.016319260001182556
388;8.514444796861978e-06;8.514445e-06;0.016255882074426437;0.016255881637334824
389;1.1342398220169633e-05;1.1342401e-05;0.01632870533506034;0.016328703612089157
390;1.6088988024095053e-05;1.608899e-05;0.016325431649280613;0.016325432807207108
391;2.861261580883828e-05;2.8612614e-05;0.016237217614033583;0.01623721607029438
392;3.10425540994891e-05;3.104256e-05;0.016372400463920616;0.016372401267290115
393;4.928548992223213e-05;4.9285496e-05;0.016284002117152356;0.016284001991152763
394;6.692945844950188e-05;6.692946e-05;0.016297925312480317;0.016297925263643265
395;7.331944576715921e-05;7.331945e-05;0.016392257358579968;0.016392257064580917
396;8.115791681190386e-05;8.115792e-05;0.016310361017168786;0.01631036214530468
397;7.079614178366313e-05;7.079614e-05;0.016207273559196496;0.016207272186875343
398;7.363491405898793e-05;7.3634925e-05;0.016441890728617438;0.016441890969872475
399;7.037958928039463e-05;7.0379596e-05;0.016229602253317488;0.016229601576924324
400;5.8780464015114326e-05;5.8780468e-05;0.016341413324869734;0.01634141243994236
401;5.33509631148718e-05;5.3350952e-05;0.016272392999097572;0.016272392123937607
402;5.8432710628208614e-05;5.8432717e-05;0.016282327405768474;0.016282327473163605
403;5.506509867607038e-05;5.5065095e-05;0.01650078982401954;0.016500787809491158
404;4.8765373614965996e-05;4.8765367e-05;0.01623261623440079;0.01623261719942093
405;4.2205178924222335e-05;4.2205185e-05;0.01625027790212419;0.016250276938080788
406;4.355524166355725e-05;4.3555247e-05;0.016429165858769516;0.016429167240858078
407;4.605091386262533e-05;4.605091e-05;0.01627348759077298;0.016273489221930504
408;4.2212977277088554e-05;4.2212974e-05;0.016401907344610982;0.016401907429099083
409;4.4538512492332514e-05;4.4538512e-05;0.016643778601681838;0.01664377935230732
410;5.342747344144065e-05;5.3427477e-05;0.016321611773334032;0.016321612522006035
411;7.226888403799126e-05;7.226887e-05;0.016313388268255756;0.01631338708102703
412;7.402883721044259e-05;7.402884e-05;0.016509359594049665;0.01650935970246792
413;7.595043115527637e-05;7.595043e-05;0.016433023734825972;0.016433022916316986
414;7.719856495860945e-05;7.719857e-05;0.016575582331807344;0.016575582325458527
